id,split,demo,category,sku,title,brand,list_price,condition_at_sale,catalog_image_url,scenario,reason_category,reason_text,days_since_purchase,edit_prompt,expected_identity,expected_grade,expected_defect,expected_action,expected_rule,image_file,bfl_request_id
DS001,test,True,phone,B0BZ9N1QQC,"Apple iPhone 14, 128GB, Purple - Unlocked (Renewed Premium)",Apple,711.11,renewed,https://m.media-amazon.com/images/I/619f09kK7tL._AC_SL1500_.jpg,escalate/apple,functional,Phone won't turn on.,12,"Photo taken at a warehouse returns dock: a single shiny red apple, where a returned phone should have been lying on a flattened brown cardboard box under harsh fluorescent light, shot slightly from above with a smartphone camera, realistic, natural shadows, no text overlays. No phone anywhere in the photo.",mismatch,-,-,ESCALATE,R1 identity_mismatch,ds_DS001.jpg,
DS002,train,False,phone,B0C4LYVQL8,"SAMSUNG Galaxy A54 5G + 4G LTE (256GB + 8GB) Unlocked Worldwide Dual Sim 6.4"" 120Hz 50MP Triple Cam - (White)",SAMSUNG,349.0,new,https://m.media-amazon.com/images/I/514VDFqf+8L._AC_SL1000_.jpg,escalate/unverifiable_claim,functional,Won't turn on at all.,7,"Photo taken at a warehouse returns dock: the exact same smartphone from the reference image (same brand, model, shape and color) lying on a white plastic returns tote under harsh fluorescent light, shot slightly from above with a smartphone camera, realistic, natural shadows, no text overlays. The smartphone itself is clean and undamaged.",match,A,functional,ESCALATE,R3a unverifiable_high_value_claim,ds_DS002.jpg,0c33404c-4108-4f10-9c68-ba683d28e071
DS003,train,False,phone,B0BYV9HJQR,"SAMSUNG Galaxy A54 5G SM-A546B/DS Dual Hybrid SIM Exyonos 1380 Android Smartphone, 6.4 Inch Dynamic AMOLED Display, 5000 mAh Battery, 256GB/8 GB EU/UK Model Int",Samsung,383.0,new,https://m.media-amazon.com/images/I/71wXvupmN4L._AC_SL1500_.jpg,escalate/unverifiable_claim,functional,Won't turn on at all.,26,"Photo taken at a warehouse returns dock: the exact same smartphone from the reference image (same brand, model, shape and color) lying on an anti-static blue mat on a workbench under harsh fluorescent light, shot slightly from above with a smartphone camera, realistic, natural shadows, no text overlays. The smartphone itself is clean and undamaged.",match,A,functional,ESCALATE,R3a unverifiable_high_value_claim,ds_DS003.jpg,2a4f5f7d-7aa9-4697-b6e8-acbd41f546e9
DS004,train,False,phone,B0C2M4JXB1,"TCL 40XL 2023 Unlocked Cell Phone 4GB + 128GB, 6.75"" 90Hz Display, Smartphone Android 13, 50MP AI Camera Mobile Phone, 5000 mAh, 4G LTE, US Version, Dark Gray",TCL,139.99,new,https://m.media-amazon.com/images/I/71XeUB+2-lL._AC_SL1500_.jpg,escalate/swap,functional,"Doesn't work properly, want a refund.",35,"Photo taken at a warehouse returns dock: a cheap unbranded knock-off smartphone of a clearly different design and color (not the product in the reference image) lying on an anti-static blue mat on a workbench under harsh fluorescent light, shot slightly from above with a smartphone camera, realistic, natural shadows, no text overlays.",mismatch,-,-,ESCALATE,R1 identity_mismatch,ds_DS004.jpg,7caea212-6954-43e6-80a3-446688666d8f
DS005,train,False,phone,B0C34JC9S5,"Motorola Moto G Power 5G | 2023 | Unlocked | Made for US 6/256GB | 50 MPCamera | Mineral Black, 163.06 x 74.8 x 8.45mm",Motorola,249.99,new,https://m.media-amazon.com/images/I/61QKKdjHV0L._AC_SL1500_.jpg,refurbish/screen_crack,physical_damage,"Dropped it and the screen cracked, still works fine.",8,"Photo taken at a warehouse returns dock: the exact same smartphone from the reference image (same brand, model, shape and color) lying on a scuffed stainless-steel workbench under harsh fluorescent light, shot slightly from above with a smartphone camera, realistic, natural shadows, no text overlays. The front glass has a large spiderweb crack spreading from one corner; the phone is otherwise intact.",match,C,screen_crack,REFURBISH,max EV among allowed,ds_DS005.jpg,c2a80a08-b310-40f0-b1f7-4b5f0ccf9371
DS006,train,False,phone,B0BZ9LJPLQ,"Apple iPhone 14 Pro Max, 128GB, Space Black - Unlocked (Renewed Premium)",Apple,1152.94,renewed,https://m.media-amazon.com/images/I/51uD1lmrV8L._AC_SL1000_.jpg,refurbish/screen_crack,physical_damage,Screen cracked after a fall but it turns on.,7,"Photo taken at a warehouse returns dock: the exact same smartphone from the reference image (same brand, model, shape and color) lying on a white plastic returns tote under harsh fluorescent light, shot slightly from above with a smartphone camera, realistic, natural shadows, no text overlays. The front glass has a large spiderweb crack spreading from one corner; the phone is otherwise intact.",match,C,screen_crack,REFURBISH,max EV among allowed,ds_DS006.jpg,b39732d0-5cac-4e08-9df4-d92422fdf999
DS007,train,False,phone,B0B74K2RNH,"Black Shark 4 Pro 5G Unlocked Gaming Phone, Chinese Version Global RAM, 12+128GB Mobile Phone with 120W Charging 4500mAh, Snapdragon 888, 144Hz 6.67'' Screen, M",Black Shark,349.0,new,https://m.media-amazon.com/images/I/61UK3uVKfEL._AC_SL1500_.jpg,refurbish/screen_crack,physical_damage,"Dropped it and the screen cracked, still works fine.",38,"Photo taken at a warehouse returns dock: the exact same smartphone from the reference image (same brand, model, shape and color) lying on a scuffed stainless-steel workbench under harsh fluorescent light, shot slightly from above with a smartphone camera, realistic, natural shadows, no text overlays. The front glass has a large spiderweb crack spreading from one corner; the phone is otherwise intact.",match,C,screen_crack,REFURBISH,max EV among allowed,ds_DS007.jpg,4bae00ae-f6c9-4c60-a993-e05c69cf0a60
DS008,train,False,phone,B0BZCP8HL4,"SAMSUNG Galaxy A54 5G A Series Cell Phone, Factory Unlocked Android Smartphone, 128GB w/ 6.4” Fluid Display Screen, Hi Res Camera, Long Battery Life, Refined De",SAMSUNG,399.99,new,https://m.media-amazon.com/images/I/61MEp5HIdBL._AC_SL1500_.jpg,refurbish/screen_crack,physical_damage,"Dropped it and the screen cracked, still works fine.",55,"Photo taken at a warehouse returns dock: the exact same smartphone from the reference image (same brand, model, shape and color) lying on a white plastic returns tote under harsh fluorescent light, shot slightly from above with a smartphone camera, realistic, natural shadows, no text overlays. The front glass has a large spiderweb crack spreading from one corner; the phone is otherwise intact.",match,C,screen_crack,REFURBISH,max EV among allowed,ds_DS008.jpg,137e0e2f-96f5-405f-8251-1f2baa67f1e5
DS009,train,False,phone,B0C352T6Z5,T‑Mobile 5G Hotspot by Quanta - D53 5G Broadband Hotspot - Connect to 32 Devices - Long Lasting 6460mAh Battery (Renewed),Quanta,30.0,renewed,https://m.media-amazon.com/images/I/415pg1El8FL._AC_SL1024_.jpg,liquidate/wrecked,physical_damage,"It was run over, completely smashed.",17,"Photo taken at a warehouse returns dock: the exact same smartphone from the reference image (same brand, model, shape and color) lying on an anti-static blue mat on a workbench under harsh fluorescent light, shot slightly from above with a smartphone camera, realistic, natural shadows, no text overlays. The phone is destroyed: shattered glass front and back, a bent frame and a chunk missing from a corner.",match,D,screen_crack,LIQUIDATE,max EV among allowed,ds_DS009.jpg,970b9e7b-342e-4bd9-b60a-8696afd5c0fe
DS010,train,False,phone,B0C53P1NRZ,"Xgody X60 4G Unlocked Phones, 6'’ QHD Waterdrop Screen Dual Sim Unlocked Cell Phones, Quad-core 2GB+16GB Smartphones, 3000mAh Battery, Face Unlock, AI Camera 5M",Xgody,72.99,new,https://m.media-amazon.com/images/I/715qdKlGP1L._AC_SL1500_.jpg,liquidate/wrecked,physical_damage,"It was run over, completely smashed.",39,"Photo taken at a warehouse returns dock: the exact same smartphone from the reference image (same brand, model, shape and color) lying on an anti-static blue mat on a workbench under harsh fluorescent light, shot slightly from above with a smartphone camera, realistic, natural shadows, no text overlays. The phone is destroyed: shattered glass front and back, a bent frame and a chunk missing from a corner.",match,D,screen_crack,LIQUIDATE,max EV among allowed,ds_DS010.jpg,76df1ec0-3071-482d-bd42-0ff9add0f395
DS011,train,False,phone,B0BWTHT3S1,Unlocked Smartphone 6.7inch Cell Phone IP14pro 2+16GB HD Full Screen Straight Talk Phone Dual Sim Unlocked Android Phones Boost Mobile Phone (Black),henghongshangmao,89.99,new,https://m.media-amazon.com/images/I/613hVg177cL._AC_SL1000_.jpg,liquidate/wrecked,physical_damage,"Crushed in a car door, totally broken.",6,"Photo taken at a warehouse returns dock: the exact same smartphone from the reference image (same brand, model, shape and color) lying on an anti-static blue mat on a workbench under harsh fluorescent light, shot slightly from above with a smartphone camera, realistic, natural shadows, no text overlays. The phone is destroyed: shattered glass front and back, a bent frame and a chunk missing from a corner.",match,D,screen_crack,LIQUIDATE,max EV among allowed,ds_DS011.jpg,20a0b8d5-4c01-4a3f-a0c1-27f0b0ea278f
DS012,train,False,phone,B0BW3TH1QD,Unlocked Smartphone 6.7inch Cell Phone S22 Ultra 2+16GB HD Full Screen Straight Talk Phone Dual Sim Unlocked Android Phones Boost Mobile Phone (Black),HIEGOU,89.99,new,https://m.media-amazon.com/images/I/61oAnIYKPVL._AC_SL1500_.jpg,liquidate/wrecked,physical_damage,"It was run over, completely smashed.",38,"Photo taken at a warehouse returns dock: the exact same smartphone from the reference image (same brand, model, shape and color) lying on a scuffed stainless-steel workbench under harsh fluorescent light, shot slightly from above with a smartphone camera, realistic, natural shadows, no text overlays. The phone is destroyed: shattered glass front and back, a bent frame and a chunk missing from a corner.",match,D,screen_crack,LIQUIDATE,max EV among allowed,ds_DS012.jpg,a6ee584a-0335-4bfb-9f2f-8275f2a96613
DS013,test,False,phone,B0BWYTHXCG,ONEPLUS Nord CE 3 Lite 5G Dual-SIM 128GB ROM + 8GB RAM (GSM only | No CDMA) Factory Unlocked 5G Smartphone (Pastel Lime) - International Version,OnePlus,277.5,new,https://m.media-amazon.com/images/I/51aI4iywLnL._AC_SL1028_.jpg,return_to_vendor/intact,functional,Speaker crackles and then cuts out.,17,"Photo taken at a warehouse returns dock: the exact same smartphone from the reference image (same brand, model, shape and color) lying on a scuffed stainless-steel workbench under harsh fluorescent light, shot slightly from above with a smartphone camera, realistic, natural shadows, no text overlays. The smartphone itself is clean and undamaged.",match,A,screen_crack,RETURN_TO_VENDOR,max EV among allowed,ds_DS013.jpg,3b592e09-b52b-462c-9ffd-3d2db72202b0
DS014,train,False,phone,B0BRTYD5J2,"ExAchat G22+ Ultra 5G Smartphone - Unlocked Cell Phone - Sleek Design with Built-in Computer, Qualcomm 888 Chip, 7.3-inch HD+ Screen, Face Recognition, and Powe",ExAchat,169.99,new,https://m.media-amazon.com/images/I/71AEHA9FG3L._AC_SL1500_.jpg,return_to_vendor/intact,functional,Won't connect to any mobile network.,7,"Photo taken at a warehouse returns dock: the exact same smartphone from the reference image (same brand, model, shape and color) lying on a scuffed stainless-steel workbench under harsh fluorescent light, shot slightly from above with a smartphone camera, realistic, natural shadows, no text overlays. The smartphone itself is clean and undamaged.",match,A,functional,RETURN_TO_VENDOR,max EV among allowed,ds_DS014.jpg,20c477a5-9f24-42d8-9a9d-6e799c841f80
DS015,train,False,phone,B0BWYVX9LY,ONEPLUS Nord CE 3 Lite 5G Dual-SIM 128GB ROM + 8GB RAM (GSM only | No CDMA) Factory Unlocked 5G Smartphone (Chromatic Gray) - International Version,ONEPLUS,275.0,new,https://m.media-amazon.com/images/I/51EE3x74TbL._AC_SL1066_.jpg,return_to_vendor/intact,functional,Speaker crackles and then cuts out.,21,"Photo taken at a warehouse returns dock: the exact same smartphone from the reference image (same brand, model, shape and color) lying on an anti-static blue mat on a workbench under harsh fluorescent light, shot slightly from above with a smartphone camera, realistic, natural shadows, no text overlays. The smartphone itself is clean and undamaged.",match,A,screen_crack,RETURN_TO_VENDOR,max EV among allowed,ds_DS015.jpg,d799b675-8238-421e-aabb-41ec89ecc812
DS016,train,False,phone,B0CF61MJ9Q,NIEGA Smartphone Unlocked Cell Phones S22 Ultra 6.7in HD Screen The Black Phone 2GB/16GB Android 10 Straight Talk Phone 5000mAh 128GB Extension Dual Sim Boost M,NIEGA,89.99,new,https://m.media-amazon.com/images/I/61f1BAhIL9L._AC_SL1500_.jpg,return_to_vendor/intact,functional,Stopped charging after a few days.,22,"Photo taken at a warehouse returns dock: the exact same smartphone from the reference image (same brand, model, shape and color) lying on a scuffed stainless-steel workbench under harsh fluorescent light, shot slightly from above with a smartphone camera, realistic, natural shadows, no text overlays. The smartphone itself is clean and undamaged.",match,A,battery,RETURN_TO_VENDOR,max EV among allowed,ds_DS016.jpg,06bf934b-5994-4ad6-a003-ccdb293bc3c4
DS017,train,False,phone,B0C1Q3SLTT,"SAMSUNG Galaxy A14 5G A Series Cell Phone, Factory Unlocked Android Smartphone, 64GB Black",Samsung,147.5,renewed,https://m.media-amazon.com/images/I/61G9RdA0EQL._AC_SL1000_.jpg,restock/boxed,packaging_damage,"Box was dented on arrival, product untouched.",15,"Photo taken at a warehouse returns dock: the exact same smartphone from the reference image (same brand, model, shape and color) lying on an anti-static blue mat on a workbench under harsh fluorescent light, shot slightly from above with a smartphone camera, realistic, natural shadows, no text overlays. It sits next to its crushed, torn retail box; the smartphone itself is clean and undamaged.",match,A,packaging_only,RESTOCK,max EV among allowed,ds_DS017.jpg,dd28085e-4699-413a-972f-3da58ffe5ff7
DS018,train,False,phone,B0BTTQY5MR,Samsung Galaxy S9 G960U 64GB Unlocked GSM 4G LTE Phone w/ 12MP Camera - Midnight Black (Renewed),SAMSUNG,129.99,renewed,https://m.media-amazon.com/images/I/41WsWYAFcyL._AC_.jpg,restock/intact,cosmetic,"Changed my mind, opened but never used.",38,"Photo taken at a warehouse returns dock: the exact same smartphone from the reference image (same brand, model, shape and color) lying on a flattened brown cardboard box under harsh fluorescent light, shot slightly from above with a smartphone camera, realistic, natural shadows, no text overlays. The smartphone itself is clean and undamaged.",match,A,none,RESTOCK,max EV among allowed,ds_DS018.jpg,e61d7781-6229-457b-a9fc-7cae349faff2
DS019,train,False,phone,B0BTB6F6ZS,T-Mobile | Revvl 6 5G | 64 GB | Blue (T-Mobile Unlocked) (Renewed),T-Mobile,111.94,renewed,https://m.media-amazon.com/images/I/51kUPIhjAAL._AC_SL1167_.jpg,restock/boxed,packaging_damage,"Box was dented on arrival, product untouched.",6,"Photo taken at a warehouse returns dock: the exact same smartphone from the reference image (same brand, model, shape and color) lying on a grey steel inspection table under harsh fluorescent light, shot slightly from above with a smartphone camera, realistic, natural shadows, no text overlays. It sits next to its crushed, torn retail box; the smartphone itself is clean and undamaged.",match,A,packaging_only,RESTOCK,max EV among allowed,ds_DS019.jpg,228c0dd4-9702-443c-8bae-f4354f3c8b40
DS020,train,False,phone,B0C9R3BPRX,"xixaomiro i14Pro Max Unlocked 5G Cellphone Android Smartphone Mobile Phone, 8GB RAM, 512GB ROM 1TB Expandable, 6.8'' FHD Screen, 6000mAh Battery, Dual Sim Card,",xixaomiro,129.0,new,https://m.media-amazon.com/images/I/61WvyUlV+dL._AC_SL1500_.jpg,restock/intact,cosmetic,"Changed my mind, opened but never used.",34,"Photo taken at a warehouse returns dock: the exact same smartphone from the reference image (same brand, model, shape and color) lying on an anti-static blue mat on a workbench under harsh fluorescent light, shot slightly from above with a smartphone camera, realistic, natural shadows, no text overlays. The smartphone itself is clean and undamaged.",match,A,none,RESTOCK,max EV among allowed,ds_DS020.jpg,ec8e68bc-175d-4c7e-a4bc-bd82febf7257
DS021,train,False,laptop,B0C2ZMJW53,"Acer Aspire 3 A314-23P-R3QA Slim Laptop | 14.0"" Full HD IPS Display | AMD Ryzen 5 7520U Quad-Core Processor | AMD Radeon Graphics | 8GB LPDDR5 | 512GB NVMe SSD ",Acer,439.99,new,https://m.media-amazon.com/images/I/81EWtB70npL._AC_SL1500_.jpg,escalate/unverifiable_claim,functional,Screen goes black after a few minutes.,52,"Photo taken at a warehouse returns dock: the exact same laptop from the reference image (same brand, model, shape and color) lying on an anti-static blue mat on a workbench under harsh fluorescent light, shot slightly from above with a smartphone camera, realistic, natural shadows, no text overlays. The laptop itself is clean and undamaged.",match,A,functional,ESCALATE,R3a unverifiable_high_value_claim,ds_DS021.jpg,a51381c3-3845-4460-bb52-accaedb8707b
DS022,train,False,laptop,B0CJ37ZSS3,"hp 2023 Newest Envy 2-in-1 Laptop, 14"" FHD IPS Touchscreen, Intel 13th Gen Core i5-1335U Processor (10-core), 8GB RAM, 1TB SSD, Intel Iris Xe Graphics, Wi-Fi 6E",hp,769.99,new,https://m.media-amazon.com/images/I/61elZ+dGY-L._AC_SL1325_.jpg,escalate/unverifiable_claim,functional,Screen goes black after a few minutes.,40,"Photo taken at a warehouse returns dock: the exact same laptop from the reference image (same brand, model, shape and color) lying on a flattened brown cardboard box under harsh fluorescent light, shot slightly from above with a smartphone camera, realistic, natural shadows, no text overlays. The laptop itself is clean and undamaged.",match,A,functional,ESCALATE,R3a unverifiable_high_value_claim,ds_DS022.jpg,1e4f93ca-a7a6-40e5-a20d-de3e251c5351
DS023,train,False,laptop,B0BY2THQ7W,"MSI Stealth 17 Studio 17.3"" QHD 240Hz Gaming Laptop: 13th Gen Intel Core i9, RTX 4080, 32GB DDR5, 1TB NVMe SSD, Thunderbolt 4, USB-Type C, Cooler Boost Trinity+",MSI,2799.0,new,https://m.media-amazon.com/images/I/714fL2+tNuL._AC_SL1500_.jpg,escalate/unverifiable_claim,functional,Randomly shuts down.,22,"Photo taken at a warehouse returns dock: the exact same laptop from the reference image (same brand, model, shape and color) lying on a white plastic returns tote under harsh fluorescent light, shot slightly from above with a smartphone camera, realistic, natural shadows, no text overlays. The laptop itself is clean and undamaged.",match,A,functional,ESCALATE,R3a unverifiable_high_value_claim,ds_DS023.jpg,6ae443a1-04be-437e-90f2-170243eb0e7e
DS024,train,False,laptop,B0CDCS9VN9,"Dell 2023 Newest Inspiron 16 5620 Laptop, 16.0"" FHD+ Display, Intel Core i7-1255U Processor (10 core), 16GB RAM, 1TB SSD, GeForce MX570, USB Type-A&C, Wi-Fi 6E,",Dell,1049.99,new,https://m.media-amazon.com/images/I/7117ppDHcyL._AC_SL1500_.jpg,escalate/swap,functional,"Doesn't work properly, want a refund.",47,"Photo taken at a warehouse returns dock: a cheap unbranded knock-off laptop of a clearly different design and color (not the product in the reference image) lying on a scuffed stainless-steel workbench under harsh fluorescent light, shot slightly from above with a smartphone camera, realistic, natural shadows, no text overlays.",mismatch,-,-,ESCALATE,R1 identity_mismatch,ds_DS024.jpg,e61a99f9-b04a-4191-b72b-eb3fa3d06351
DS025,test,True,laptop,B0C7L6YG34,"Acer Nitro 5 Gaming Laptop 2023 Newest, 15.6"" QHD 165Hz Display, AMD Ryzen 7 6800H Processor, NVIDIA GeForce RTX 3070 Ti Graphics, 16GB DDR5 RAM, 1TB SSD, Backl",Acer,1199.99,new,https://m.media-amazon.com/images/I/61euNRcCTHL._AC_SL1131_.jpg,refurbish/screen_crack,physical_damage,"The display cracked in my backpack, laptop still boots.",39,"Photo taken at a warehouse returns dock: the exact same laptop from the reference image (same brand, model, shape and color) lying on a scuffed stainless-steel workbench under harsh fluorescent light, shot slightly from above with a smartphone camera, realistic, natural shadows, no text overlays. The laptop is open and its display has a spiderweb crack across one corner; the body is intact.",match,C,screen_crack,REFURBISH,max EV among allowed,ds_DS025.jpg,677e71b8-e30a-4862-9907-d1c446691863
DS026,train,False,laptop,B0CFLKR51Z,"acer 2023 Newest Predator Triton Gaming Laptop, 16"" 240Hz Display, Intel Core i7 12700H Processor, NVIDIA GeForce RTX 3060 Graphics, 16GB DDR5 RAM, 1TB SSD, Bac",Acer,1559.99,new,https://m.media-amazon.com/images/I/61X9NHrhnKL._AC_SL1280_.jpg,refurbish/screen_crack,physical_damage,Screen corner cracked after a small drop.,59,"Photo taken at a warehouse returns dock: the exact same laptop from the reference image (same brand, model, shape and color) lying on a flattened brown cardboard box under harsh fluorescent light, shot slightly from above with a smartphone camera, realistic, natural shadows, no text overlays. The laptop is open and its display has a spiderweb crack across one corner; the body is intact.",match,C,screen_crack,REFURBISH,max EV among allowed,ds_DS026.jpg,c8310d8a-c37a-4d82-8f4d-6209b4e62ea1
DS027,train,False,laptop,B0CFGGCSDX,"ASUS ROG Zephyrus Gaming Laptop, 14"" FHD 144HZ Display, AMD Ryzen 7 5800HS(Up to 4.4 GHz), NVIDIA GeForce RTX 3060 Graphics, 16GB RAM, 1TB SSD, Bluetooth, WiFi ",ASUS,1359.99,new,https://m.media-amazon.com/images/I/71JbiF0knbL._AC_SL1500_.jpg,refurbish/screen_crack,physical_damage,Screen corner cracked after a small drop.,21,"Photo taken at a warehouse returns dock: the exact same laptop from the reference image (same brand, model, shape and color) lying on a flattened brown cardboard box under harsh fluorescent light, shot slightly from above with a smartphone camera, realistic, natural shadows, no text overlays. The laptop is open and its display has a spiderweb crack across one corner; the body is intact.",match,C,screen_crack,REFURBISH,max EV among allowed,ds_DS027.jpg,ae848f7d-8453-48b7-8780-73ebd08919d8
DS028,train,False,laptop,B0C55RQBGJ,"HP 17 inch Laptop, HD+ Display, 12th Generation Intel Core i5-1235U, 8 GB RAM, 512 GB SSD, Intel Iris Xe Graphics, Windows 11 Home, 17-cn2099nr (2023)",HP,599.99,new,https://m.media-amazon.com/images/I/71Yyar-XX4L._AC_SL1500_.jpg,refurbish/screen_crack,physical_damage,"The display cracked in my backpack, laptop still boots.",10,"Photo taken at a warehouse returns dock: the exact same laptop from the reference image (same brand, model, shape and color) lying on an anti-static blue mat on a workbench under harsh fluorescent light, shot slightly from above with a smartphone camera, realistic, natural shadows, no text overlays. The laptop is open and its display has a spiderweb crack across one corner; the body is intact.",match,C,screen_crack,REFURBISH,max EV among allowed,ds_DS028.jpg,cb8460d1-9b58-4190-b8eb-1fcacd3be121
DS029,test,False,laptop,B0BTNZ7YGW,"HP Chromebook 11 G5 11.6"" 2GB 16GB eMMC Celeron® N3060 1.6GHz ChromeOS, Gray (Renewed)",HP,52.99,renewed,https://m.media-amazon.com/images/I/61B+KUn2LDL._AC_SL1500_.jpg,liquidate/wrecked,physical_damage,"Crushed in a car door, totally broken.",13,"Photo taken at a warehouse returns dock: the exact same laptop from the reference image (same brand, model, shape and color) lying on an anti-static blue mat on a workbench under harsh fluorescent light, shot slightly from above with a smartphone camera, realistic, natural shadows, no text overlays. The laptop is wrecked: shattered screen, a snapped hinge and a dented, cracked bottom case.",match,D,screen_crack,LIQUIDATE,max EV among allowed,ds_DS029.jpg,95a5d660-8004-4a4d-8e91-508ea0636b75
DS030,train,False,laptop,B0BXZGPSKC,"Dell Chromebook 11 5190 Intel Celeron N3350 X2 1.1GHz 4GB 64GB 11.6in, Black (Renewed)",Dell,84.95,renewed,https://m.media-amazon.com/images/I/61w33zutZqL._AC_SL1500_.jpg,liquidate/wrecked,physical_damage,"Dropped from a height, it's destroyed.",34,"Photo taken at a warehouse returns dock: the exact same laptop from the reference image (same brand, model, shape and color) lying on a flattened brown cardboard box under harsh fluorescent light, shot slightly from above with a smartphone camera, realistic, natural shadows, no text overlays. The laptop is wrecked: shattered screen, a snapped hinge and a dented, cracked bottom case.",match,D,screen_crack,LIQUIDATE,max EV among allowed,ds_DS030.jpg,af1f3ef9-4363-4c7a-bee9-e7f9d534844d
DS031,train,False,laptop,B0BT46KQXQ,"Dell 11'' HD IPS Chromebook, Intel Celeron Processor Up to 2.40GHz, 4GB Ram, 16GB SSD, Super-Fast WiFi, Chrome OS, Dale Black (Renewed)",Dell,88.0,renewed,https://m.media-amazon.com/images/I/61OZDcgDjjL._AC_SL1496_.jpg,liquidate/wrecked,physical_damage,"It was run over, completely smashed.",45,"Photo taken at a warehouse returns dock: the exact same laptop from the reference image (same brand, model, shape and color) lying on a white plastic returns tote under harsh fluorescent light, shot slightly from above with a smartphone camera, realistic, natural shadows, no text overlays. The laptop is wrecked: shattered screen, a snapped hinge and a dented, cracked bottom case.",match,D,screen_crack,LIQUIDATE,max EV among allowed,ds_DS031.jpg,ab3ee454-0069-4ead-bf1c-b22b64fdeaff
DS032,train,False,laptop,B0BYKMWZ7D,"HP 11"" HD IPS Chromebook, Intel Celeron Processor Up to 2.40GHz, 2GB RAM, 64GB Storage, Super-Fast WiFi, HDMI, Chrome OS(Renewed)",HP,89.99,renewed,https://m.media-amazon.com/images/I/61XJKFaMVjL._AC_SL1297_.jpg,liquidate/wrecked,physical_damage,Fell down the stairs and broke apart.,24,"Photo taken at a warehouse returns dock: the exact same laptop from the reference image (same brand, model, shape and color) lying on a grey steel inspection table under harsh fluorescent light, shot slightly from above with a smartphone camera, realistic, natural shadows, no text overlays. The laptop is wrecked: shattered screen, a snapped hinge and a dented, cracked bottom case.",match,D,screen_crack,LIQUIDATE,max EV among allowed,ds_DS032.jpg,5b5da7ba-7816-49ba-ae2b-6d8f9870b3b8
DS033,train,False,laptop,B087ZMF5PR,"HP Latest Stream 14"" HD Laptop, Intel Celeron Processor, 8GB Memory, 64GB eMMC Storage, Fast Charge, HDMI, Up to 11 Hours Long Battery Life, Office 365 1-Year, ",HP,299.99,new,https://m.media-amazon.com/images/I/71BRVHYABiL._AC_SL1500_.jpg,return_to_vendor/intact,functional,Won't charge anymore.,19,"Photo taken at a warehouse returns dock: the exact same laptop from the reference image (same brand, model, shape and color) lying on a flattened brown cardboard box under harsh fluorescent light, shot slightly from above with a smartphone camera, realistic, natural shadows, no text overlays. The laptop itself is clean and undamaged.",match,A,battery,RETURN_TO_VENDOR,max EV among allowed,ds_DS033.jpg,a0aefa4a-c038-4eb9-a1c9-eb25cb33bc3a
DS034,train,False,laptop,B0C7H338BK,"Lenovo Flagship Flex 3i Chromebook 15.6"" FHD Touchscreen 2 in 1 Business Student Laptop, Intel Celeron Dual-Core Processor, 4GB RAM, 64GB eMMC, Google Classroom",Lenovo,299.0,new,https://m.media-amazon.com/images/I/611-sw45FGL._AC_SL1500_.jpg,return_to_vendor/intact,functional,Trackpad doesn't work at all.,6,"Photo taken at a warehouse returns dock: the exact same laptop from the reference image (same brand, model, shape and color) lying on an anti-static blue mat on a workbench under harsh fluorescent light, shot slightly from above with a smartphone camera, realistic, natural shadows, no text overlays. The laptop itself is clean and undamaged.",match,A,functional,RETURN_TO_VENDOR,max EV among allowed,ds_DS034.jpg,2ef92382-c7ba-4396-875c-aeeca4c2c21d
DS035,train,False,laptop,B0BT16W2WK,"Lenovo Newest IdeaPad 1i 14"" HD Laptop, 4GB RAM, 256GB Storage, Intel Pentium N5030 Processor, 10Hrs Battery Life, Rapid Charge, Home&Education Laptop, HDMI, Ty",Lenovo,228.0,new,https://m.media-amazon.com/images/I/61y6usjChcL._AC_SL1500_.jpg,return_to_vendor/intact,functional,Trackpad doesn't work at all.,19,"Photo taken at a warehouse returns dock: the exact same laptop from the reference image (same brand, model, shape and color) lying on a grey steel inspection table under harsh fluorescent light, shot slightly from above with a smartphone camera, realistic, natural shadows, no text overlays. The laptop itself is clean and undamaged.",match,A,functional,RETURN_TO_VENDOR,max EV among allowed,ds_DS035.jpg,a8a22d78-f48f-4ebd-a86f-535f7469723a
DS036,train,False,laptop,B0BS5BRL3W,"Lenovo IdeaPad 1 15.6"" Laptop (2023 Model), AMD Dual-core Athlon 3050U Processor (up to 3.20 GHz, Beats i3-1005G1), 4GB RAM, 128GB SSD, Wi-Fi 6, Bluetooth, Long",Lenovo,299.0,new,https://m.media-amazon.com/images/I/81OMg-xvmRL._AC_SL1500_.jpg,return_to_vendor/intact,functional,Keyboard stopped responding after a week.,13,"Photo taken at a warehouse returns dock: the exact same laptop from the reference image (same brand, model, shape and color) lying on a grey steel inspection table under harsh fluorescent light, shot slightly from above with a smartphone camera, realistic, natural shadows, no text overlays. The laptop itself is clean and undamaged.",match,A,functional,RETURN_TO_VENDOR,max EV among allowed,ds_DS036.jpg,a23ed567-57b0-43dd-a43c-37e4e4977ae1
DS037,train,False,laptop,B0CJBSM2C4,"Lenovo 2023 High Performance 14'' Full HD IPS Laptop, Intel i3-1115G4 Processor Up to 4.1GHz, 8GB RAM, 256GB SSD, Super-Fast 6th Gen WiFi, Windows 11 OS (Renewe",Lenovo,274.99,renewed,https://m.media-amazon.com/images/I/71qCtH2ALAL._AC_SL1498_.jpg,restock/boxed,packaging_damage,"Box was dented on arrival, product untouched.",55,"Photo taken at a warehouse returns dock: the exact same laptop from the reference image (same brand, model, shape and color) lying on an anti-static blue mat on a workbench under harsh fluorescent light, shot slightly from above with a smartphone camera, realistic, natural shadows, no text overlays. It sits next to its crushed, torn retail box; the laptop itself is clean and undamaged.",match,A,packaging_only,RESTOCK,max EV among allowed,ds_DS037.jpg,7c26a831-509e-46f6-a60c-a3193d8db580
DS038,test,False,laptop,B0BS69XVFY,"Lenovo Thinkpad 13 Laptop 13.3"" FHD (1920x1080) IPS Business Laptop, Intel 7th gen Celeron 3865U, 16GB DDR4 RAM, 256GB SSD, Webcam, Window 10 pro (Renewed)",Lenovo,149.9,renewed,https://m.media-amazon.com/images/I/61Ir-k3HbPL._AC_SL1500_.jpg,restock/intact,cosmetic,"Ordered the wrong color, it's like new.",48,"Photo taken at a warehouse returns dock: the exact same laptop from the reference image (same brand, model, shape and color) lying on a white plastic returns tote under harsh fluorescent light, shot slightly from above with a smartphone camera, realistic, natural shadows, no text overlays. The laptop itself is clean and undamaged.",match,A,none,RESTOCK,max EV among allowed,ds_DS038.jpg,b1b49a1a-3f74-4de4-b443-6b121cb441c8
DS039,train,False,laptop,B0C4LYK4D6,"HP Flagship 15.6"" HD Chromebook Laptop for Students, Intel Pentium Quad-Core Processor, 8GB RAM, 192GB Storage(64GB eMMC + 128GB SD Card), Webcam, WiFi, Zoom Me",HP,248.65,new,https://m.media-amazon.com/images/I/71I8xysIrPL._AC_SL1500_.jpg,restock/boxed,packaging_damage,"Box was dented on arrival, product untouched.",25,"Photo taken at a warehouse returns dock: the exact same laptop from the reference image (same brand, model, shape and color) lying on a white plastic returns tote under harsh fluorescent light, shot slightly from above with a smartphone camera, realistic, natural shadows, no text overlays. It sits next to its crushed, torn retail box; the laptop itself is clean and undamaged.",match,A,packaging_only,RESTOCK,max EV among allowed,ds_DS039.jpg,09afb40b-d39d-4504-90b5-4a1208e142eb
DS040,train,False,laptop,B0BW9RWCP9,"Lenovo 2023 Newest Ideapad 1i 14"" HD Ultra-Light Laptop, Intel Pentium N5030 4-Core(Beat N4020), 4GB RAM, 128GB Storage, Stereo Speakers, Up to 10 Hours, WiFi, ",Lenovo,209.99,new,https://m.media-amazon.com/images/I/718V28DwSjL._AC_SL1500_.jpg,restock/intact,cosmetic,"Ordered the wrong color, it's like new.",25,"Photo taken at a warehouse returns dock: the exact same laptop from the reference image (same brand, model, shape and color) lying on a grey steel inspection table under harsh fluorescent light, shot slightly from above with a smartphone camera, realistic, natural shadows, no text overlays. The laptop itself is clean and undamaged.",match,A,none,RESTOCK,max EV among allowed,ds_DS040.jpg,cd2cf2a2-2a9c-43ad-8ba1-343fc27ba9ae
DS041,train,False,headphones,B0C5ZC7FWR,"Sony WH-1000XM5 Wireless Industry Leading Headphones with Auto Noise Canceling Optimizer, Crystal Clear Hands-Free Calling, and Alexa Voice Control, Midnight Bl",Sony,398.0,new,https://m.media-amazon.com/images/I/61juFYGuTPL._AC_SL1500_.jpg,escalate/unverifiable_claim,functional,Won't turn on at all.,34,"Photo taken at a warehouse returns dock: the exact same pair of headphones from the reference image (same brand, model, shape and color) lying on a scuffed stainless-steel workbench under harsh fluorescent light, shot slightly from above with a smartphone camera, realistic, natural shadows, no text overlays. The pair of headphones itself is clean and undamaged.",match,A,functional,ESCALATE,R3a unverifiable_high_value_claim,ds_DS041.jpg,7ea54a2e-f157-4049-bd01-9fea3e4535bd
DS042,train,False,headphones,B0BRT1ZN7Q,"SENNHEISER HD 660S2 - Wired Audiophile Stereo Headphones with Deep Sub Bass, Optimized Surround, Transducer Airflow, Vented Magnet System and Voice Coil – Black",Sennheiser Consumer Audio,499.95,new,https://m.media-amazon.com/images/I/71orcWeKkpL._AC_SL1500_.jpg,escalate/unverifiable_claim,functional,Battery dies within an hour.,52,"Photo taken at a warehouse returns dock: the exact same pair of headphones from the reference image (same brand, model, shape and color) lying on a grey steel inspection table under harsh fluorescent light, shot slightly from above with a smartphone camera, realistic, natural shadows, no text overlays. The pair of headphones itself is clean and undamaged.",match,A,battery,ESCALATE,R3a unverifiable_high_value_claim,ds_DS042.jpg,7a82473e-4825-45e4-9903-43592b75402d
DS043,train,False,headphones,B0BWK3TW8T,"Sony WH-CH720N Noise Canceling Wireless Headphones Bluetooth Over The Ear Headset with Microphone and Alexa Built-in, Black New",Sony,148.0,new,https://m.media-amazon.com/images/I/51rpbVmi9XL._AC_SL1200_.jpg,escalate/swap,functional,"Doesn't work properly, want a refund.",50,"Photo taken at a warehouse returns dock: a cheap unbranded knock-off pair of headphones of a clearly different design and color (not the product in the reference image) lying on a flattened brown cardboard box under harsh fluorescent light, shot slightly from above with a smartphone camera, realistic, natural shadows, no text overlays.",mismatch,-,-,ESCALATE,R1 identity_mismatch,ds_DS043.jpg,98b65ebf-3a7a-444a-9e69-95785eb4db8c
DS044,train,False,headphones,B0CJCNBNDD,"SAMVEK Bone Conduction Bluetooth Headphones with Mic, Noise Canceling, Built-in Qualcomm 3024 Chip, Wireless Open Ear Headset with Boom Microphone","ShenZhen YuYuanTong Technology Co.,Ltd",89.88,new,https://m.media-amazon.com/images/I/51U27u5ZL-L._AC_SL1500_.jpg,escalate/swap,functional,"Defective, stopped working.",28,"Photo taken at a warehouse returns dock: a cheap unbranded knock-off pair of headphones of a clearly different design and color (not the product in the reference image) lying on a scuffed stainless-steel workbench under harsh fluorescent light, shot slightly from above with a smartphone camera, realistic, natural shadows, no text overlays.",mismatch,-,-,ESCALATE,R1 identity_mismatch,ds_DS044.jpg,8a6c5ab3-c007-4e87-bf62-3dda59260105
DS045,test,False,headphones,B0BL16VNVD,"Bone Conduction Bluetooth Headphones with Mic, Open Ear Headset with Boom Microphone, Noise Canceling, Wireless Earphones for Home Office,Conference,Trucker,Onl",9 DIGITAL,59.99,new,https://m.media-amazon.com/images/I/51YNdNZjGIL._AC_SL1500_.jpg,refurbish/cosmetic,physical_damage,The ear cushion ripped and the headband is scuffed.,13,"Photo taken at a warehouse returns dock: the exact same pair of headphones from the reference image (same brand, model, shape and color) lying on a white plastic returns tote under harsh fluorescent light, shot slightly from above with a smartphone camera, realistic, natural shadows, no text overlays. One ear cushion is torn open exposing the foam and the headband padding is scuffed.",match,C,cosmetic,REFURBISH,max EV among allowed,ds_DS045.jpg,81e48f5b-34e0-4510-8ed8-933be889c377
DS046,train,False,headphones,B0BYXKT3TQ,Beats by Dr. Dre Solo3 Wireless On-Ear Headphones - Black (Renewed Premium),Beats,139.0,renewed,https://m.media-amazon.com/images/I/51AH2bftXPL._AC_SL1000_.jpg,refurbish/cosmetic,physical_damage,Cushion tore after a week of use.,38,"Photo taken at a warehouse returns dock: the exact same pair of headphones from the reference image (same brand, model, shape and color) lying on a white plastic returns tote under harsh fluorescent light, shot slightly from above with a smartphone camera, realistic, natural shadows, no text overlays. One ear cushion is torn open exposing the foam and the headband padding is scuffed.",match,C,cosmetic,REFURBISH,max EV among allowed,ds_DS046.jpg,d27087e3-5843-412b-8708-7c4115f533d2
DS047,train,False,headphones,B0BRQNJG7X,Audio-Technica ATH-M50xSTS-USB StreamSet Streaming Headset,Audio-Technica,169.0,new,https://m.media-amazon.com/images/I/71z0PBgouvL._AC_SL1500_.jpg,refurbish/cosmetic,physical_damage,The ear cushion ripped and the headband is scuffed.,55,"Photo taken at a warehouse returns dock: the exact same pair of headphones from the reference image (same brand, model, shape and color) lying on a flattened brown cardboard box under harsh fluorescent light, shot slightly from above with a smartphone camera, realistic, natural shadows, no text overlays. One ear cushion is torn open exposing the foam and the headband padding is scuffed.",match,C,cosmetic,REFURBISH,max EV among allowed,ds_DS047.jpg,5e9f5291-ebdc-4dbe-996c-2c4ca8f9d555
DS048,train,False,headphones,B0BSJT6S1P,"ISOtunes FREE 2.0 Listen Only: True Wireless Bluetooth Hearing Protection, No Microphone (For Workplace Compliance), Improved 25 dB Noise Reduction Rating, 79 d",ISOtunes,119.99,new,https://m.media-amazon.com/images/I/51e7DcxlQVL._AC_UL1500_.jpg,refurbish/cosmetic,physical_damage,Cushion tore after a week of use.,48,"Photo taken at a warehouse returns dock: the exact same pair of headphones from the reference image (same brand, model, shape and color) lying on a white plastic returns tote under harsh fluorescent light, shot slightly from above with a smartphone camera, realistic, natural shadows, no text overlays. One ear cushion is torn open exposing the foam and the headband padding is scuffed.",match,C,cosmetic,REFURBISH,max EV among allowed,ds_DS048.jpg,b34fe3f9-1491-4907-a9b7-3bdcc5dbaa57
DS049,train,False,headphones,B0BZVPVXWT,"AHOKEGE Open Ear Clip-on Earbuds Wireless Bluetooth Headphones for Android iPhone, Earbud & in-Ear Headphones, Bluetooth 5.3 Earbuds for Workout/Running/Exercis","Shenzhen Uniwins Technology Co., Ltd",18.99,new,https://m.media-amazon.com/images/I/617+3zwdr0L._AC_SL1500_.jpg,liquidate/wrecked,physical_damage,Fell down the stairs and broke apart.,46,"Photo taken at a warehouse returns dock: the exact same pair of headphones from the reference image (same brand, model, shape and color) lying on a white plastic returns tote under harsh fluorescent light, shot slightly from above with a smartphone camera, realistic, natural shadows, no text overlays. The headband is snapped in two and one ear cup hangs loose by its wire.",match,D,cosmetic,LIQUIDATE,max EV among allowed,ds_DS049.jpg,c6a8cf04-d19e-4563-aebf-a3fde6d54122
DS050,train,False,headphones,B0BX352HPF,NUTRIG Bone Conduction Headphones Open Ear Headphones Bluetooth 5.3 Sport Headphones with Mic Wireless Sweat Resistant Headset for Running Cycling Driving Gym W,NUTRIG,21.99,new,https://m.media-amazon.com/images/I/51zmX2n30hL._AC_SL1500_.jpg,liquidate/wrecked,physical_damage,"Dropped from a height, it's destroyed.",12,"Photo taken at a warehouse returns dock: the exact same pair of headphones from the reference image (same brand, model, shape and color) lying on a white plastic returns tote under harsh fluorescent light, shot slightly from above with a smartphone camera, realistic, natural shadows, no text overlays. The headband is snapped in two and one ear cup hangs loose by its wire.",match,D,cosmetic,LIQUIDATE,max EV among allowed,ds_DS050.jpg,12316a57-8064-4434-b803-902ceb3df414
DS051,train,False,headphones,B0CC5GJ7ML,"Bubbacare Bone Conduction Headphones Open Ear Headphones Bluetooth 5.0 Sports Wireless Earphones with Built-in Mic, Sweat Resistant Headset for Running, Cycling",Bubbacare,26.99,new,https://m.media-amazon.com/images/I/51jIPIdMzWL._AC_SL1500_.jpg,liquidate/wrecked,physical_damage,"Dropped from a height, it's destroyed.",12,"Photo taken at a warehouse returns dock: the exact same pair of headphones from the reference image (same brand, model, shape and color) lying on a grey steel inspection table under harsh fluorescent light, shot slightly from above with a smartphone camera, realistic, natural shadows, no text overlays. The headband is snapped in two and one ear cup hangs loose by its wire.",match,D,cosmetic,LIQUIDATE,max EV among allowed,ds_DS051.jpg,585faf56-4b8e-4ae3-a04c-dc5fdd0e482b
DS052,train,False,headphones,B0C42D5T7Z,"Aiwa Bone Conducting Wireless Headphones - Open-Ear Wireless Bluetooth 5.0 Sports Headphones, 6 Hours Playtime, IPX5 Waterproof Earphones for Gym, Running, Hiki",Aiwa,28.33,new,https://m.media-amazon.com/images/I/61juA6oQegL._AC_SL1500_.jpg,liquidate/wrecked,physical_damage,"Dropped from a height, it's destroyed.",3,"Photo taken at a warehouse returns dock: the exact same pair of headphones from the reference image (same brand, model, shape and color) lying on a scuffed stainless-steel workbench under harsh fluorescent light, shot slightly from above with a smartphone camera, realistic, natural shadows, no text overlays. The headband is snapped in two and one ear cup hangs loose by its wire.",match,D,cosmetic,LIQUIDATE,max EV among allowed,ds_DS052.jpg,73b0cd50-29d2-4c9e-992c-e3cb8cac7b5f
DS053,test,True,headphones,B0BWK6B2T4,"Sony WH-CH520 Wireless Headphones Bluetooth On-Ear Headset with Microphone, Blue New",Sony,38.0,new,https://m.media-amazon.com/images/I/41JACWT-wWL._AC_SL1200_.jpg,return_to_vendor/intact,functional,Left side has no sound.,12,"Photo taken at a warehouse returns dock: the exact same pair of headphones from the reference image (same brand, model, shape and color) lying on a white plastic returns tote under harsh fluorescent light, shot slightly from above with a smartphone camera, realistic, natural shadows, no text overlays. The pair of headphones itself is clean and undamaged.",match,A,functional,RETURN_TO_VENDOR,max EV among allowed,ds_DS053.jpg,c2350fad-53e8-4070-9b27-2187201de5b1
DS054,train,False,headphones,B0CBKXDH9T,"Guudsoud Bone Conduction Headphones Bluetooth,Wireless Open Ear Headphones,Sports Headset Waterproof Sweatproof with Mic Induction Conducting Earphones for Runn",Guudsoud,37.95,new,https://m.media-amazon.com/images/I/51w-2vrKPmL._AC_SL1500_.jpg,return_to_vendor/intact,functional,Left side has no sound.,8,"Photo taken at a warehouse returns dock: the exact same pair of headphones from the reference image (same brand, model, shape and color) lying on a flattened brown cardboard box under harsh fluorescent light, shot slightly from above with a smartphone camera, realistic, natural shadows, no text overlays. The pair of headphones itself is clean and undamaged.",match,A,functional,RETURN_TO_VENDOR,max EV among allowed,ds_DS054.jpg,ec5f0045-6550-4edc-b62b-1ddd40c7a0b6
DS055,train,False,headphones,B0CJ9H5SKV,"tapaxis E7 Active Noise Cancelling Headphones Wireless Bluetooth Headphones Over The Ear Headphones, Wireless Headphones Noise Cancelling Bluetooth Wireless Ove",Tapaxis,29.99,new,https://m.media-amazon.com/images/I/61E0oQ8xonL._AC_SL1500_.jpg,return_to_vendor/intact,functional,Bluetooth keeps disconnecting every few minutes.,23,"Photo taken at a warehouse returns dock: the exact same pair of headphones from the reference image (same brand, model, shape and color) lying on a white plastic returns tote under harsh fluorescent light, shot slightly from above with a smartphone camera, realistic, natural shadows, no text overlays. The pair of headphones itself is clean and undamaged.",match,A,functional,RETURN_TO_VENDOR,max EV among allowed,ds_DS055.jpg,4a2505c8-a3ce-4a90-a1b8-38ecd7a6c49b
DS056,train,False,headphones,B0CH8LSCMQ,"phonicgrid Active Noise Cancelling Headphones Over Ear Wireless Headphones Bluetooth Headphones with Microphone, Comfortable ANC Over Ear Headphones Wireless Bl",Phonicgrid,29.99,new,https://m.media-amazon.com/images/I/61Y-ZMD-C3L._AC_SL1500_.jpg,return_to_vendor/intact,functional,Bluetooth keeps disconnecting every few minutes.,8,"Photo taken at a warehouse returns dock: the exact same pair of headphones from the reference image (same brand, model, shape and color) lying on an anti-static blue mat on a workbench under harsh fluorescent light, shot slightly from above with a smartphone camera, realistic, natural shadows, no text overlays. The pair of headphones itself is clean and undamaged.",match,A,functional,RETURN_TO_VENDOR,max EV among allowed,ds_DS056.jpg,ed521e79-1f40-44d7-99b2-187ff1fe0b11
DS057,train,False,headphones,B09ZYJ4RGD,HoomKid Adjustable Foldable and Customizable Children's Wired Headphones with Volume Limit (85dB) Ages 3 to 10,Hoom,39.9,new,https://m.media-amazon.com/images/I/71V5NSnA4lL._AC_SL1500_.jpg,restock/boxed,packaging_damage,"Box was dented on arrival, product untouched.",44,"Photo taken at a warehouse returns dock: the exact same pair of headphones from the reference image (same brand, model, shape and color) lying on an anti-static blue mat on a workbench under harsh fluorescent light, shot slightly from above with a smartphone camera, realistic, natural shadows, no text overlays. It sits next to its crushed, torn retail box; the pair of headphones itself is clean and undamaged.",match,A,packaging_only,RESTOCK,max EV among allowed,ds_DS057.jpg,8d70b748-1331-476a-9430-1c4154cc3970
DS058,train,False,headphones,B0C33G6WN5,"Bone Conduction Headphones - Open-Ear Sport Bluetooth Headset - IPX8 Waterproof Swimming Headphones - Sweat Resistant Earphones for Workouts Swimming,Hiking, Cy",Moiunbead,39.99,new,https://m.media-amazon.com/images/I/71VzaZ9aoGL._AC_SL1500_.jpg,restock/intact,cosmetic,"Ordered the wrong color, it's like new.",60,"Photo taken at a warehouse returns dock: the exact same pair of headphones from the reference image (same brand, model, shape and color) lying on a grey steel inspection table under harsh fluorescent light, shot slightly from above with a smartphone camera, realistic, natural shadows, no text overlays. The pair of headphones itself is clean and undamaged.",match,A,none,RESTOCK,max EV among allowed,ds_DS058.jpg,c9e1b0c0-b630-4906-9a81-d351057f247c
DS059,train,False,headphones,B0BRXQ7D9K,Newly Premium Bone Conduction Open-Ear Sport Headphones — Noise Cancelling Earphones - Built-in Mic Sweat Resistant Earphones for Workouts and Running with Deep,Urban Nirvana,45.0,new,https://m.media-amazon.com/images/I/51c9xCzzRwL._AC_SL1182_.jpg,restock/boxed,packaging_damage,"Outer packaging was torn in shipping, never used.",28,"Photo taken at a warehouse returns dock: the exact same pair of headphones from the reference image (same brand, model, shape and color) lying on an anti-static blue mat on a workbench under harsh fluorescent light, shot slightly from above with a smartphone camera, realistic, natural shadows, no text overlays. It sits next to its crushed, torn retail box; the pair of headphones itself is clean and undamaged.",match,A,packaging_only,RESTOCK,max EV among allowed,ds_DS059.jpg,18a9492e-4680-47bf-8d8d-37eca1123246
DS060,train,False,headphones,B082QXT39S,Sony RF400 Wireless Home Theater Headphones (2-Pack) w/Deco Gear Accessories Bundle,Sony,199.99,new,https://m.media-amazon.com/images/I/61j+VO4GZKL._AC_SL1000_.jpg,restock/intact,cosmetic,"Ordered the wrong color, it's like new.",9,"Photo taken at a warehouse returns dock: the exact same pair of headphones from the reference image (same brand, model, shape and color) lying on a white plastic returns tote under harsh fluorescent light, shot slightly from above with a smartphone camera, realistic, natural shadows, no text overlays. The pair of headphones itself is clean and undamaged.",match,A,none,RESTOCK,max EV among allowed,ds_DS060.jpg,40eb2bf7-4be5-41ba-96a2-ac1cb0564d38
DS061,train,False,earbuds,B0BTHQLV6Y,"Bowers & Wilkins Pi7 S2 In-Ear True Wireless Earphones, Dual Hybrid Drivers, Qualcomm aptX Technology, Active Noise Cancellation, Works with Bowers and Wilkins ",Bowers & Wilkins,399.0,new,https://m.media-amazon.com/images/I/518b1o7eWDL._AC_SL1500_.jpg,escalate/unverifiable_claim,functional,Screen goes black after a few minutes.,6,"Photo taken at a warehouse returns dock: the exact same pair of wireless earbuds with its charging case from the reference image (same brand, model, shape and color) lying on a white plastic returns tote under harsh fluorescent light, shot slightly from above with a smartphone camera, realistic, natural shadows, no text overlays. The pair of wireless earbuds with its charging case itself is clean and undamaged.",match,A,functional,ESCALATE,R3a unverifiable_high_value_claim,ds_DS061.jpg,06f29810-237f-45a4-a426-1f6d702d538a
DS062,train,False,earbuds,B0BFW3RLZ7,"Bose QuietComfort Earbuds II, Wireless, Bluetooth, World’s Best Noise Cancelling In-Ear Headphones with Personalized Noise Cancellation & Sound, Midnight Blue -",Bose,249.0,new,https://m.media-amazon.com/images/I/61OjFJ2p1nL._AC_SL1500_.jpg,escalate/swap,functional,"Doesn't work properly, want a refund.",16,"Photo taken at a warehouse returns dock: a cheap unbranded knock-off pair of wireless earbuds with its charging case of a clearly different design and color (not the product in the reference image) lying on a scuffed stainless-steel workbench under harsh fluorescent light, shot slightly from above with a smartphone camera, realistic, natural shadows, no text overlays.",mismatch,-,-,ESCALATE,R1 identity_mismatch,ds_DS062.jpg,42fd14f4-0a5e-49a5-8c63-107e807fc244
DS063,train,False,earbuds,B0C691CH99,"PHILIPS GO A7607 Open-Ear Bone Conduction Bluetooth Headphones with Bluetooth Multipoint, IP66 Water-Resistant, Black",PHILIPS,199.99,new,https://m.media-amazon.com/images/I/61ZIX8O7seL._AC_SL1500_.jpg,escalate/swap,functional,"Doesn't work properly, want a refund.",10,"Photo taken at a warehouse returns dock: a cheap unbranded knock-off pair of wireless earbuds with its charging case of a clearly different design and color (not the product in the reference image) lying on a white plastic returns tote under harsh fluorescent light, shot slightly from above with a smartphone camera, realistic, natural shadows, no text overlays.",mismatch,-,-,ESCALATE,R1 identity_mismatch,ds_DS063.jpg,0aba0592-e909-433d-be87-8b0e64030a74
DS064,train,False,earbuds,B0BVG5L4KF,"OnePlus Buds Pro 2 - Obsidian Black - Audiophile-Grade Sound Quality Co-Created with Dynaudio, Best-in-Class ANC, Immersive Spatial Audio, Up to 39 Hour Playtim",OnePlus,146.99,new,https://m.media-amazon.com/images/I/71zYDBVeMYL._AC_SL1500_.jpg,escalate/swap,functional,Not working as described.,6,"Photo taken at a warehouse returns dock: a cheap unbranded knock-off pair of wireless earbuds with its charging case of a clearly different design and color (not the product in the reference image) lying on a flattened brown cardboard box under harsh fluorescent light, shot slightly from above with a smartphone camera, realistic, natural shadows, no text overlays.",mismatch,-,-,ESCALATE,R1 identity_mismatch,ds_DS064.jpg,1deab01f-97f0-4d5c-a497-40f0d3fb1ab3
DS065,train,False,earbuds,B0CG171PBC,SYNTRAVA Wireless Earbuds Back Sport Earphones Bluetooth Headphones Over-Ear Buds with Earhooks Built-in Mic Headset[580-A2001],SYNTRAVA,169.99,new,https://m.media-amazon.com/images/I/71mRcM3XkmL._AC_SL1500_.jpg,refurbish/cosmetic,physical_damage,The charging case lid cracked when I dropped it.,39,"Photo taken at a warehouse returns dock: the exact same pair of wireless earbuds with its charging case from the reference image (same brand, model, shape and color) lying on a grey steel inspection table under harsh fluorescent light, shot slightly from above with a smartphone camera, realistic, natural shadows, no text overlays. The charging case lid is cracked and deeply scratched; the earbuds themselves look fine.",match,C,cosmetic,REFURBISH,max EV among allowed,ds_DS065.jpg,76d0d88f-545a-425d-b2fd-d541b10faf65
DS066,train,False,earbuds,B0C1GHCMF5,"Sony WF-C700N Truly Wireless Noise Canceling in-Ear Bluetooth Earbud Headphones with Mic and IPX4 Water Resistance, White",Sony,98.0,new,https://m.media-amazon.com/images/I/41OcLE3qfBL._AC_SL1200_.jpg,refurbish/cosmetic,physical_damage,The charging case lid cracked when I dropped it.,26,"Photo taken at a warehouse returns dock: the exact same pair of wireless earbuds with its charging case from the reference image (same brand, model, shape and color) lying on a scuffed stainless-steel workbench under harsh fluorescent light, shot slightly from above with a smartphone camera, realistic, natural shadows, no text overlays. The charging case lid is cracked and deeply scratched; the earbuds themselves look fine.",match,C,cosmetic,REFURBISH,max EV among allowed,ds_DS066.jpg,de8e7eae-75a7-43c4-8ecc-c13baf50dcea
DS067,train,False,earbuds,B0C25Z6JXK,"LG Tone Flex Wireless Bluetooth Stereo Neckband Earbuds HBS-XL7-32-Bit Hi-Fi DAC, Meridian Audio,Google Assistant (Navy Blue)",LG,103.5,new,https://m.media-amazon.com/images/I/7137s7qToKL._AC_SL1500_.jpg,refurbish/cosmetic,physical_damage,The charging case lid cracked when I dropped it.,7,"Photo taken at a warehouse returns dock: the exact same pair of wireless earbuds with its charging case from the reference image (same brand, model, shape and color) lying on an anti-static blue mat on a workbench under harsh fluorescent light, shot slightly from above with a smartphone camera, realistic, natural shadows, no text overlays. The charging case lid is cracked and deeply scratched; the earbuds themselves look fine.",match,C,cosmetic,REFURBISH,max EV among allowed,ds_DS067.jpg,ebc139a7-a065-4a8e-8443-7c15dbac27bb
DS068,train,False,earbuds,B09ZTKXB5F,"AMAFACE Bone Conduction Headphones with Mic,Titanium Lightweight,Open Ear Headphones Noise Reduction Waterproof Wireless Bluetooth 5.0 Sport Headset for Running",AMAFACE,69.99,new,https://m.media-amazon.com/images/I/61YFOIa9osL._AC_SL1500_.jpg,refurbish/cosmetic,physical_damage,"Case is cracked, buds still work.",12,"Photo taken at a warehouse returns dock: the exact same pair of wireless earbuds with its charging case from the reference image (same brand, model, shape and color) lying on a scuffed stainless-steel workbench under harsh fluorescent light, shot slightly from above with a smartphone camera, realistic, natural shadows, no text overlays. The charging case lid is cracked and deeply scratched; the earbuds themselves look fine.",match,C,cosmetic,REFURBISH,max EV among allowed,ds_DS068.jpg,7bdceab5-f19d-4bbe-8448-ca39d5115cd0
DS069,test,True,earbuds,B0CFDZ8QPS,"Wireless Earbuds, Bluetooth 5.2 Headphones Mini Wireless in Ear with ENC Noise Cancelling Mic, 30H with HiFi Stereo IP7 Waterproof Earphones Air Buds Pro Touch ",CWNOTBHY,10.0,new,https://m.media-amazon.com/images/I/51xwzFSNqEL._AC_SL1500_.jpg,liquidate/wrecked,physical_damage,Fell down the stairs and broke apart.,41,"Photo taken at a warehouse returns dock: the exact same pair of wireless earbuds with its charging case from the reference image (same brand, model, shape and color) lying on a flattened brown cardboard box under harsh fluorescent light, shot slightly from above with a smartphone camera, realistic, natural shadows, no text overlays. One earbud is cracked open showing its insides and the charging case is filthy and chipped.",match,D,cosmetic,LIQUIDATE,max EV among allowed,ds_DS069.jpg,6f78f45f-dccc-40f0-ac7a-f7ac20bf4f3e
DS070,train,False,earbuds,B0BY4R572K,"Wireless Ear Clip Bone Conduction Headphones, 2023 New Open Ear Earbuds Wireless Bluetooth Earbuds, IPX5 Waterproof Ear Hook Bluetooth Headphones After Shock Bo",WIMCBLL,10.97,new,https://m.media-amazon.com/images/I/61goaIQr5rL._AC_SL1500_.jpg,liquidate/wrecked,physical_damage,"Crushed in a car door, totally broken.",10,"Photo taken at a warehouse returns dock: the exact same pair of wireless earbuds with its charging case from the reference image (same brand, model, shape and color) lying on a flattened brown cardboard box under harsh fluorescent light, shot slightly from above with a smartphone camera, realistic, natural shadows, no text overlays. One earbud is cracked open showing its insides and the charging case is filthy and chipped.",match,D,cosmetic,LIQUIDATE,max EV among allowed,ds_DS070.jpg,207ff19a-c313-4d95-90ae-6512082e8792
DS071,train,False,earbuds,B0C78JQYFV,"Apple Headphones Wired Earbuds with Lightning Connector [Apple MFi Certified] iPhone Headphones Wired, in-Ear Headphones for iPhone 14/13/12/11/SE/X/XS/8/7/Pad ",MLDAXXE,10.99,new,https://m.media-amazon.com/images/I/51GZGxDtY4L._AC_SL1500_.jpg,liquidate/wrecked,physical_damage,"Crushed in a car door, totally broken.",32,"Photo taken at a warehouse returns dock: the exact same pair of wireless earbuds with its charging case from the reference image (same brand, model, shape and color) lying on a grey steel inspection table under harsh fluorescent light, shot slightly from above with a smartphone camera, realistic, natural shadows, no text overlays. One earbud is cracked open showing its insides and the charging case is filthy and chipped.",match,D,cosmetic,LIQUIDATE,max EV among allowed,ds_DS071.jpg,1b73f15a-3429-4812-a4db-dab416a54221
DS072,train,False,earbuds,B0C6XGLJT8,"2 Pack-Apple Earbuds Headphones with 3.5mm Plug [Apple MFi Certified] Wired Earphones (Built-in Microphone & Volume Control) for iPhone,iPad,iPod,Computer,MP3/4",Fujimoto Dengyo,10.99,new,https://m.media-amazon.com/images/I/41nTrI9CWQL._AC_SL1002_.jpg,liquidate/wrecked,physical_damage,"Crushed in a car door, totally broken.",22,"Photo taken at a warehouse returns dock: the exact same pair of wireless earbuds with its charging case from the reference image (same brand, model, shape and color) lying on a white plastic returns tote under harsh fluorescent light, shot slightly from above with a smartphone camera, realistic, natural shadows, no text overlays. One earbud is cracked open showing its insides and the charging case is filthy and chipped.",match,D,cosmetic,LIQUIDATE,max EV among allowed,ds_DS072.jpg,889c92c3-fd1a-4165-a36a-7c200e5be100
DS073,train,False,earbuds,B0C62BZ95Z,2 Packs USB C Headphones for Samsung Galaxy S23 Ultra S22 S21 FE S20 Z Flip 3 Fold 4 A53 A54 USB C Earphones with Mic in-Ear Headphones Designed by AKG Wired Ea,ECOAMICA,27.99,new,https://m.media-amazon.com/images/I/61fWPRciqBL._AC_SL1500_.jpg,return_to_vendor/intact,functional,Right earbud won't charge.,7,"Photo taken at a warehouse returns dock: the exact same pair of wireless earbuds with its charging case from the reference image (same brand, model, shape and color) lying on a grey steel inspection table under harsh fluorescent light, shot slightly from above with a smartphone camera, realistic, natural shadows, no text overlays. The pair of wireless earbuds with its charging case itself is clean and undamaged.",match,A,battery,RETURN_TO_VENDOR,max EV among allowed,ds_DS073.jpg,ad2fc8c3-e75b-4921-907e-3ac238054fd9
DS074,train,False,earbuds,B0C2JQ37DG,"Xiaomi Redmi Buds 4 Lite TWS Wireless Earbuds, Bluetooth 5.3 Low-Latency Game Headset with AI Call Noise Cancelling, IP54 Waterproof, 20H Playtime, Lightweight ",Xiaomi,30.88,new,https://m.media-amazon.com/images/I/51T-7ztWK4L._AC_SL1200_.jpg,return_to_vendor/intact,functional,One earbud has no sound.,19,"Photo taken at a warehouse returns dock: the exact same pair of wireless earbuds with its charging case from the reference image (same brand, model, shape and color) lying on a flattened brown cardboard box under harsh fluorescent light, shot slightly from above with a smartphone camera, realistic, natural shadows, no text overlays. The pair of wireless earbuds with its charging case itself is clean and undamaged.",match,A,functional,RETURN_TO_VENDOR,max EV among allowed,ds_DS074.jpg,3d4e1078-966d-4475-8e0b-5f000513478c
DS075,train,False,earbuds,B0C4H1FMVG,"Wireless Earbuds,Bluetooth Headphones,HiFi Sterero Auto Pairing Earphones with Mic &Charging Case & 36H Playtime,IP7 Waterproof Noise Cancellation Bluetooth Ear",FXDTECH,39.97,new,https://m.media-amazon.com/images/I/51EwMbkvVML._AC_SL1500_.jpg,return_to_vendor/intact,functional,Right earbud won't charge.,10,"Photo taken at a warehouse returns dock: the exact same pair of wireless earbuds with its charging case from the reference image (same brand, model, shape and color) lying on a scuffed stainless-steel workbench under harsh fluorescent light, shot slightly from above with a smartphone camera, realistic, natural shadows, no text overlays. The pair of wireless earbuds with its charging case itself is clean and undamaged.",match,A,battery,RETURN_TO_VENDOR,max EV among allowed,ds_DS075.jpg,8f5e19f5-d538-4322-8c26-3471f5b2dd56
DS076,train,False,earbuds,B0C8HG9Q6J,Bluetooth Headphones True Wireless Earbuds 48Hrs Playtime with Wireless Charging Case LED Power Display Wireless & Type-C Charging Waterproof in-Ear TWS Earphon,SimpTronic Tech,39.88,new,https://m.media-amazon.com/images/I/61xYoXrVLHL._AC_SL1500_.jpg,return_to_vendor/intact,functional,One earbud has no sound.,8,"Photo taken at a warehouse returns dock: the exact same pair of wireless earbuds with its charging case from the reference image (same brand, model, shape and color) lying on an anti-static blue mat on a workbench under harsh fluorescent light, shot slightly from above with a smartphone camera, realistic, natural shadows, no text overlays. The pair of wireless earbuds with its charging case itself is clean and undamaged.",match,A,functional,RETURN_TO_VENDOR,max EV among allowed,ds_DS076.jpg,3ad08ca6-cd0a-4269-9036-d968125c183d
DS077,train,False,earbuds,B09MQ49WT9,"RICOO Wireless Earbuds,Bluetooth 5.3 Headphones Noise Cancelling Air Buds Pods 3D Stereo Ear pods in-Ear Ear Bud Built-in Mic IPX7 Waterproof Headsets for iPhon",RICOO,18.99,new,https://m.media-amazon.com/images/I/41gPh0EJEpL._AC_.jpg,restock/boxed,packaging_damage,The box arrived crushed but the item inside is fine.,51,"Photo taken at a warehouse returns dock: the exact same pair of wireless earbuds with its charging case from the reference image (same brand, model, shape and color) lying on an anti-static blue mat on a workbench under harsh fluorescent light, shot slightly from above with a smartphone camera, realistic, natural shadows, no text overlays. It sits next to its crushed, torn retail box; the pair of wireless earbuds with its charging case itself is clean and undamaged.",match,A,packaging_only,RESTOCK,max EV among allowed,ds_DS077.jpg,3221a6d9-e6ad-4f91-b64d-a1d0034bd73a
DS078,train,False,earbuds,B0C9TSMSRZ,2 Pack iPhone Headphones Wired [Apple MFi Certified] Apple Earbuds with Lightning Connector (Built-in Microphone & Volume Control & Support Call) for iPhone 14/,SKYCABLE,11.98,new,https://m.media-amazon.com/images/I/51tnPGac+kL._AC_SL1200_.jpg,restock/intact,cosmetic,"Ordered the wrong color, it's like new.",44,"Photo taken at a warehouse returns dock: the exact same pair of wireless earbuds with its charging case from the reference image (same brand, model, shape and color) lying on an anti-static blue mat on a workbench under harsh fluorescent light, shot slightly from above with a smartphone camera, realistic, natural shadows, no text overlays. The pair of wireless earbuds with its charging case itself is clean and undamaged.",match,A,none,RESTOCK,max EV among allowed,ds_DS078.jpg,2861248a-24ae-482a-a143-dd40bdf87ede
DS079,train,False,earbuds,B0BX2XGPYZ,"Wireless Headphones,Bluetooth 5.3 Headphones Noise Cancelling,IPX7 Waterproof,with Charging Case Included, Over 24H Playtime in-Ear Hi-Fi Stereo,Touch Control,W",WATAHATIC,15.99,new,https://m.media-amazon.com/images/I/41+CHmJzOHL._AC_SL1024_.jpg,restock/boxed,packaging_damage,"Box was dented on arrival, product untouched.",57,"Photo taken at a warehouse returns dock: the exact same pair of wireless earbuds with its charging case from the reference image (same brand, model, shape and color) lying on a grey steel inspection table under harsh fluorescent light, shot slightly from above with a smartphone camera, realistic, natural shadows, no text overlays. It sits next to its crushed, torn retail box; the pair of wireless earbuds with its charging case itself is clean and undamaged.",match,A,packaging_only,RESTOCK,max EV among allowed,ds_DS079.jpg,071e6d7d-207b-4ded-b9da-6743f8d019aa
DS080,train,False,earbuds,B0CBMR8PK1,Bluetooth Headphones True Wireless Earbuds 48Hrs Playtime with Wireless Charging Case LED Power Display Wireless & Type-C Charging Waterproof in-Ear TWS Earphon,SimpTronic Tech,39.88,new,https://m.media-amazon.com/images/I/61xYoXrVLHL._AC_SL1500_.jpg,restock/intact,cosmetic,"Didn't need it after all, still in perfect shape.",26,"Photo taken at a warehouse returns dock: the exact same pair of wireless earbuds with its charging case from the reference image (same brand, model, shape and color) lying on a flattened brown cardboard box under harsh fluorescent light, shot slightly from above with a smartphone camera, realistic, natural shadows, no text overlays. The pair of wireless earbuds with its charging case itself is clean and undamaged.",match,A,none,RESTOCK,max EV among allowed,ds_DS080.jpg,d21d775f-2cb6-49fb-a51f-0762020803ae
DS081,train,False,smartwatch,B0BS4D5C8D,"Apple Watch Series 8 [GPS, 45mm] Midnight Aluminum Case with Midnight Sport Band (Renewed)",Apple,369.97,renewed,https://m.media-amazon.com/images/I/51R-Lpb-fqL._AC_SL1000_.jpg,escalate/unverifiable_claim,functional,Randomly shuts down.,52,"Photo taken at a warehouse returns dock: the exact same smartwatch from the reference image (same brand, model, shape and color) lying on a scuffed stainless-steel workbench under harsh fluorescent light, shot slightly from above with a smartphone camera, realistic, natural shadows, no text overlays. The smartwatch itself is clean and undamaged.",match,A,functional,ESCALATE,R3a unverifiable_high_value_claim,ds_DS081.jpg,f09a0f43-a44e-4d51-ae2a-fd8906ac0eb8
DS082,train,False,smartwatch,B0BY7BF2V3,"Apple Watch Series 8 (GPS, 45MM) - Starlight Aluminum Case with Starlight Sport Band (Renewed)",Apple,309.0,renewed,https://m.media-amazon.com/images/I/71rimxfInpL._AC_SL1500_.jpg,escalate/unverifiable_claim,functional,Randomly shuts down.,43,"Photo taken at a warehouse returns dock: the exact same smartwatch from the reference image (same brand, model, shape and color) lying on a scuffed stainless-steel workbench under harsh fluorescent light, shot slightly from above with a smartphone camera, realistic, natural shadows, no text overlays. The smartwatch itself is clean and undamaged.",match,A,functional,ESCALATE,R3a unverifiable_high_value_claim,ds_DS082.jpg,008edb32-205b-4edb-ab64-9778fabe1732
DS083,test,False,smartwatch,B0C14DD4QL,"Amazfit GTR Mini Smart Watch for Men,14-Day Battery Life, Sports Watch with GPS, 5 Satellite Positioning Systems, Fitness Health Tracker with Heart Rate, SPO₂ M",Amazfit,119.99,new,https://m.media-amazon.com/images/I/61spMu-NqdL._AC_SL1500_.jpg,escalate/swap,functional,Not working as described.,54,"Photo taken at a warehouse returns dock: a cheap unbranded knock-off smartwatch of a clearly different design and color (not the product in the reference image) lying on a scuffed stainless-steel workbench under harsh fluorescent light, shot slightly from above with a smartphone camera, realistic, natural shadows, no text overlays.",mismatch,-,-,ESCALATE,R1 identity_mismatch,ds_DS083.jpg,f4cca4d0-d7bc-47f7-a4ae-5b68ac652679
DS084,train,False,smartwatch,B0C58Q16MM,"WalkerFit M2 Max Smart Watch(Answer/Make Call), Reloj Inteligente, 1.95"" Military Fitness Tracker for Men with Heart Rate/Blood Pressure/SpO2/AI Voice Assistant",WalkerFit,89.9,new,https://m.media-amazon.com/images/I/61zoQNhD1iL._AC_SL1200_.jpg,escalate/swap,functional,"Doesn't work properly, want a refund.",55,"Photo taken at a warehouse returns dock: a cheap unbranded knock-off smartwatch of a clearly different design and color (not the product in the reference image) lying on a scuffed stainless-steel workbench under harsh fluorescent light, shot slightly from above with a smartphone camera, realistic, natural shadows, no text overlays.",mismatch,-,-,ESCALATE,R1 identity_mismatch,ds_DS084.jpg,ad1a502b-adfd-45b3-8b57-cbb5ec1de3d4
DS085,train,False,smartwatch,B0BTV887S9,"Apple Watch Series 8 (GPS + Cellular, 41MM) Starlight Aluminum Case with Starlight Sport Band (Renewed)",Apple,299.0,renewed,https://m.media-amazon.com/images/I/51QJ35QJM7L._AC_SL1000_.jpg,refurbish/screen_crack,physical_damage,Knocked it on a door frame and the glass cracked.,15,"Photo taken at a warehouse returns dock: the exact same smartwatch from the reference image (same brand, model, shape and color) lying on a white plastic returns tote under harsh fluorescent light, shot slightly from above with a smartphone camera, realistic, natural shadows, no text overlays. The watch face glass is cracked across the display; the case and strap are intact.",match,C,screen_crack,REFURBISH,max EV among allowed,ds_DS085.jpg,f5133484-ff89-4e0b-8ab2-9f5e549d3c59
DS086,train,False,smartwatch,B0BTV851CJ,Apple Watch Series 8 41mm GPS Silver Aluminum Case - White Sport Band (Renewed),Apple,299.0,renewed,https://m.media-amazon.com/images/I/714rxoYlmsL._AC_SL1500_.jpg,refurbish/screen_crack,physical_damage,"Screen cracked, watch still works.",25,"Photo taken at a warehouse returns dock: the exact same smartwatch from the reference image (same brand, model, shape and color) lying on an anti-static blue mat on a workbench under harsh fluorescent light, shot slightly from above with a smartphone camera, realistic, natural shadows, no text overlays. The watch face glass is cracked across the display; the case and strap are intact.",match,C,screen_crack,REFURBISH,max EV among allowed,ds_DS086.jpg,db3c5aeb-6182-4165-b23a-185ea85b8c37
DS087,train,False,smartwatch,B0CBXB6KSJ,"HITY GT4 MAX Smart Watch for Android/iOS,Dual-Band GPS,AI Built-in, Bluetooth 5.3 Calls,Multiple Sports Modes,14 Day Battery Life,Heart Rate Blood Oxygen Monito",HITY,239.99,new,https://m.media-amazon.com/images/I/61FuMVKZCNL._AC_SL1200_.jpg,refurbish/screen_crack,physical_damage,Knocked it on a door frame and the glass cracked.,53,"Photo taken at a warehouse returns dock: the exact same smartwatch from the reference image (same brand, model, shape and color) lying on a grey steel inspection table under harsh fluorescent light, shot slightly from above with a smartphone camera, realistic, natural shadows, no text overlays. The watch face glass is cracked across the display; the case and strap are intact.",match,C,screen_crack,REFURBISH,max EV among allowed,ds_DS087.jpg,685bec1b-fe17-4cf1-b012-ba412922b624
DS088,train,False,smartwatch,B0BRQT5NXX,"Apple Watch Series 8 (GPS + Cellular, 41MM) - Midnight Aluminum Case with Midnight Sport Band (Renewed)",Apple,299.0,renewed,https://m.media-amazon.com/images/I/51R-Lpb-fqL._AC_SL1000_.jpg,refurbish/screen_crack,physical_damage,"Screen cracked, watch still works.",19,"Photo taken at a warehouse returns dock: the exact same smartwatch from the reference image (same brand, model, shape and color) lying on a flattened brown cardboard box under harsh fluorescent light, shot slightly from above with a smartphone camera, realistic, natural shadows, no text overlays. The watch face glass is cracked across the display; the case and strap are intact.",match,C,screen_crack,REFURBISH,max EV among allowed,ds_DS088.jpg,d12d1de0-acc0-4840-9773-a4440fe2824c
DS089,train,False,smartwatch,B0BTCT62Z2,"Smart Watch for iOS and Android Phones,1.81 inch Full Touch Screen Bluetooth Watches for Men, Smartwatches with Answer and Call, Fitness Tracker",NARDS,25.24,new,https://m.media-amazon.com/images/I/71V30dJ1Z1L._AC_SL1500_.jpg,liquidate/wrecked,physical_damage,Fell down the stairs and broke apart.,31,"Photo taken at a warehouse returns dock: the exact same smartwatch from the reference image (same brand, model, shape and color) lying on a scuffed stainless-steel workbench under harsh fluorescent light, shot slightly from above with a smartphone camera, realistic, natural shadows, no text overlays. The screen is shattered, the strap is torn and the case is gouged.",match,D,screen_crack,LIQUIDATE,max EV among allowed,ds_DS089.jpg,6781de53-b160-437d-a99b-e102e31688df
DS090,train,False,smartwatch,B0C7LQNCFZ,"Dimdaa Smart Watch, Smartwatch with Blood Pressure, Blood Oxygen Monitor, Fitness Tracker with Heart Rate Monitor, Full 1.8"" Touch Fitness Watch for Men Women (",Dimdaa,27.89,new,https://m.media-amazon.com/images/I/71BA6O6qNuL._AC_SL1500_.jpg,liquidate/wrecked,physical_damage,Fell down the stairs and broke apart.,8,"Photo taken at a warehouse returns dock: the exact same smartwatch from the reference image (same brand, model, shape and color) lying on a flattened brown cardboard box under harsh fluorescent light, shot slightly from above with a smartphone camera, realistic, natural shadows, no text overlays. The screen is shattered, the strap is torn and the case is gouged.",match,D,screen_crack,LIQUIDATE,max EV among allowed,ds_DS090.jpg,febb058e-24ab-4478-bed6-6ec9ec20c4bc
DS091,train,False,smartwatch,B0BZSC5WVV,Long-CZ J9 World Mini Smallest Flip Mobile Phone Unlocked (Black),XBOSS,33.99,new,https://m.media-amazon.com/images/I/61CQDixdZhL._AC_SL1000_.jpg,liquidate/wrecked,physical_damage,"It was run over, completely smashed.",17,"Photo taken at a warehouse returns dock: the exact same smartwatch from the reference image (same brand, model, shape and color) lying on a scuffed stainless-steel workbench under harsh fluorescent light, shot slightly from above with a smartphone camera, realistic, natural shadows, no text overlays. The screen is shattered, the strap is torn and the case is gouged.",match,D,screen_crack,LIQUIDATE,max EV among allowed,ds_DS091.jpg,14c3b8cc-92c3-43a2-aff3-a610b12c2935
DS092,train,False,smartwatch,B0C7M4GNTJ,"Smart Watch for Men Women(Make/Answer Call),Updated 1.9"" Fitness Watch with Blood Pressure Heart Rate Monitor HD Large Screen Bluetooth Phone Watch IP67 Waterpr",PANHUI,39.99,new,https://m.media-amazon.com/images/I/71zyQKB7NOL._AC_SL1500_.jpg,liquidate/wrecked,physical_damage,"Dropped from a height, it's destroyed.",24,"Photo taken at a warehouse returns dock: the exact same smartwatch from the reference image (same brand, model, shape and color) lying on a white plastic returns tote under harsh fluorescent light, shot slightly from above with a smartphone camera, realistic, natural shadows, no text overlays. The screen is shattered, the strap is torn and the case is gouged.",match,D,screen_crack,LIQUIDATE,max EV among allowed,ds_DS092.jpg,0821cabc-219f-40ec-9959-fa12a9c56415
DS093,train,False,smartwatch,B0C7CYBP3X,"Aptkdoe Smart Watch, 2023 Fitness Tracker with Dail Calls Speaker, 1.85"" Touch Screen IP68 Waterproof Smartwatch, 112Sport Modes Activity Tracker with Heart Rat",Aptkdoe,49.99,new,https://m.media-amazon.com/images/I/712NdQYKw6L._AC_SL1500_.jpg,return_to_vendor/intact,functional,Won't hold a charge for more than an hour.,23,"Photo taken at a warehouse returns dock: the exact same smartwatch from the reference image (same brand, model, shape and color) lying on a scuffed stainless-steel workbench under harsh fluorescent light, shot slightly from above with a smartphone camera, realistic, natural shadows, no text overlays. The smartwatch itself is clean and undamaged.",match,A,battery,RETURN_TO_VENDOR,max EV among allowed,ds_DS093.jpg,949d6a0d-5812-42e6-ba56-cfb6a73d614b
DS094,train,False,smartwatch,B0CGXJNZWN,TaiSounds Smart Watch for Women Men 1.95 Display Bluetooth smartwatch for Women Men,TaiSounds,39.99,new,https://m.media-amazon.com/images/I/61DAIYeJstL._AC_SL1483_.jpg,return_to_vendor/intact,functional,Heart rate sensor doesn't read anything.,19,"Photo taken at a warehouse returns dock: the exact same smartwatch from the reference image (same brand, model, shape and color) lying on an anti-static blue mat on a workbench under harsh fluorescent light, shot slightly from above with a smartphone camera, realistic, natural shadows, no text overlays. The smartwatch itself is clean and undamaged.",match,A,functional,RETURN_TO_VENDOR,max EV among allowed,ds_DS094.jpg,f5f1d9b7-1105-48be-960b-89d52e9840f9
DS095,train,False,smartwatch,B0BYDZ5472,"BASICF Military Smart Watches for Men (Answer/Make Call), 1.52"" HD Outdoor Sports Smartwatch IP68 Waterproof Fitness Tracker 100+ Sports Modes with Heart Rate, ",BASICF,39.99,new,https://m.media-amazon.com/images/I/71Ev+SQ8vlL._AC_SL1500_.jpg,return_to_vendor/intact,functional,Heart rate sensor doesn't read anything.,25,"Photo taken at a warehouse returns dock: the exact same smartwatch from the reference image (same brand, model, shape and color) lying on a flattened brown cardboard box under harsh fluorescent light, shot slightly from above with a smartphone camera, realistic, natural shadows, no text overlays. The smartwatch itself is clean and undamaged.",match,A,functional,RETURN_TO_VENDOR,max EV among allowed,ds_DS095.jpg,8b84ceeb-9570-46cf-9c95-07a7da259298
DS096,train,False,smartwatch,B0BPY45GBL,"Smart Watch, Newest 1.85"" TFT HD Display Smart Watch with Receive & Dial, Smart Watch for Android Phones with Pedometer, Fitness Tracker, Heart Rate, SMS Remind",ANDFZ,59.99,new,https://m.media-amazon.com/images/I/617nQSSOgwL._AC_SL1500_.jpg,return_to_vendor/intact,functional,Won't hold a charge for more than an hour.,10,"Photo taken at a warehouse returns dock: the exact same smartwatch from the reference image (same brand, model, shape and color) lying on a grey steel inspection table under harsh fluorescent light, shot slightly from above with a smartphone camera, realistic, natural shadows, no text overlays. The smartwatch itself is clean and undamaged.",match,A,battery,RETURN_TO_VENDOR,max EV among allowed,ds_DS096.jpg,5d760ff7-3175-40df-a3f3-a1eef9872464
DS097,test,True,smartwatch,B0BRQVVZRY,"Apple Watch SE (2nd Gen) (GPS, 40mm) - Starlight Aluminum Case with Starlight Sport Band, S/M (Renewed)",Apple,199.0,renewed,https://m.media-amazon.com/images/I/71YdE55GwjL._AC_SL1500_.jpg,restock/boxed,packaging_damage,The box arrived crushed but the item inside is fine.,30,"Photo taken at a warehouse returns dock: the exact same smartwatch from the reference image (same brand, model, shape and color) lying on a white plastic returns tote under harsh fluorescent light, shot slightly from above with a smartphone camera, realistic, natural shadows, no text overlays. It sits next to its crushed, torn retail box; the smartwatch itself is clean and undamaged.",match,A,packaging_only,RESTOCK,max EV among allowed,ds_DS097.jpg,35eaa999-01ee-4960-93dd-5d5781f19af9
DS098,train,False,smartwatch,B0BQ1VMPJZ,"Garmin vívomove Trend, Stylish Hybrid Smartwatch, Long-Lasting Battery Life, Dynamic Watch Hands and Touchscreen Display, Mist Gray",Garmin,269.99,new,https://m.media-amazon.com/images/I/61hh34su-0L._AC_SL1500_.jpg,restock/intact,cosmetic,"Changed my mind, opened but never used.",54,"Photo taken at a warehouse returns dock: the exact same smartwatch from the reference image (same brand, model, shape and color) lying on a flattened brown cardboard box under harsh fluorescent light, shot slightly from above with a smartphone camera, realistic, natural shadows, no text overlays. The smartwatch itself is clean and undamaged.",match,A,none,RESTOCK,max EV among allowed,ds_DS098.jpg,a4ac2f84-606a-440b-8a15-8b5a75e41c83
DS099,train,False,smartwatch,B0BRN4M7BG,"Smart Watch,2023 Fitness Watch with Blood Pressure Heart Rate Monitor 1.9"" Large HD Screen Bluetooth Phone Watch(Make/Answer Call) IP67 Waterproof Smartwatch fo",PANHUI,43.97,new,https://m.media-amazon.com/images/I/71fkn1jRRfL._AC_SL1500_.jpg,restock/boxed,packaging_damage,"Outer packaging was torn in shipping, never used.",28,"Photo taken at a warehouse returns dock: the exact same smartwatch from the reference image (same brand, model, shape and color) lying on a white plastic returns tote under harsh fluorescent light, shot slightly from above with a smartphone camera, realistic, natural shadows, no text overlays. It sits next to its crushed, torn retail box; the smartwatch itself is clean and undamaged.",match,A,packaging_only,RESTOCK,max EV among allowed,ds_DS099.jpg,aee9064a-d097-4dc6-b9d2-31fbd915cfd6
DS100,train,False,smartwatch,B0C1P5QHJG,Garmin 010-N2174-11 Vivoactive 4 Black with Slate Hardware GPS Fitness Smartwatch (Refurbished),Garmin,189.99,new,https://m.media-amazon.com/images/I/51plefsSh7L._AC_.jpg,restock/intact,cosmetic,"Didn't need it after all, still in perfect shape.",13,"Photo taken at a warehouse returns dock: the exact same smartwatch from the reference image (same brand, model, shape and color) lying on a grey steel inspection table under harsh fluorescent light, shot slightly from above with a smartphone camera, realistic, natural shadows, no text overlays. The smartwatch itself is clean and undamaged.",match,A,none,RESTOCK,max EV among allowed,ds_DS100.jpg,3ef4c7d7-45d1-4a8f-87a7-a1d7390a2794
